2023-08-20,0:00,22.60830569,59.91878796,60.7127119,14.59206328
2023-08-20,1:00,21.70104889,62.20728173,63.03152821,14.14250524
2023-08-20,2:00,22.72269959,68.24261072,69.14682531,16.37122173
2023-08-20,3:00,25.66931951,74.90223474,75.89468935,20.64976646
2023-08-20,4:00,21.42589166,68.24174442,69.14594754,15.07424054
2023-08-20,5:00,25.39652056,70.91828294,71.85795019,19.58017715
2023-08-20,6:00,22.01189954,75.22294843,76.2196525,17.05648923
2023-08-20,7:00,24.15218187,70.2851746,71.21645317,18.2092168
2023-08-20,8:00,24.30746827,78.46652562,79.50620709,20.00077339
2023-08-20,9:00,23.92505024,72.53346936,73.49453783,18.43174412
2023-08-20,10:00,33.41277611,33.43286579,33.87585126,20.09934927
2023-08-20,11:00,35.18955736,30.56223428,30.96718388,21.30200422
2023-08-20,12:00,28.65647082,34.15358126,34.60611621,15.48718707
2023-08-20,13:00,28.87647915,31.25508833,31.66921825,15.12749682
2023-08-20,14:00,28.20985349,31.69798278,32.11798106,14.54945005
2023-08-20,15:00,29.53246335,32.49914655,32.92976025,16.03229266
2023-08-20,16:00,35.24508043,38.15918964,38.6647989,22.87691835
2023-08-20,17:00,32.75718621,32.43055621,32.86026108,19.24329745
2023-08-20,18:00,33.77209295,52.68392428,53.38198627,24.30887781
2023-08-20,19:00,30.72683908,51.71072197,52.39588904,21.06898347
2023-08-20,20:00,30.96262096,41.8947461,42.44985148,19.34157018
2023-08-20,21:00,26.51683995,59.00816644,59.79002464,18.31847324
2023-08-20,22:00,22.14090727,58.8351506,59.61471635,13.90793739
2023-08-20,23:00,26.14341928,55.5856312,56.32214081,17.26054552
2023-08-21,0:00,23.53070364,59.02937415,59.81151336,15.33657847
2023-08-21,1:00,25.79839637,77.45797303,78.48429117,21.28999097
2023-08-21,2:00,21.06520647,72.84298404,73.80815358,15.63380328
2023-08-21,3:00,23.82229731,74.09711915,75.07890598,18.64172114
2023-08-21,4:00,25.7788838,68.27183422,69.17643603,19.43325065
2023-08-21,5:00,25.28350626,71.42694637,72.37335341,19.56889553
2023-08-21,6:00,24.42700947,77.44366122,78.46978973,19.91574171
2023-08-21,7:00,25.17151899,61.77264469,62.59113224,17.52604793
2023-08-21,8:00,21.3562975,69.80660768,70.73154523,15.31761904
2023-08-21,9:00,21.40942728,63.58343359,64.42591409,14.12611399
2023-08-21,10:00,28.20977182,35.71247059,36.18566083,15.35226594
2023-08-21,11:00,33.20751462,32.62039512,33.05261536,19.73159364
2023-08-21,12:00,34.31699268,39.32451155,39.84556132,22.18189499
2023-08-21,13:00,35.13603335,30.84801681,31.25675304,21.30563671
2023-08-21,14:00,33.47697624,36.81671526,37.30453674,20.84031929
2023-08-21,15:00,28.52961898,32.06626464,32.49114265,14.9428719
2023-08-21,16:00,34.68395224,38.81534523,39.32964855,22.44702128
2023-08-21,17:00,30.69850274,35.09030033,35.55524681,17.71656281
2023-08-21,18:00,33.95955801,52.21048082,52.9022697,24.40165418
2023-08-21,19:00,32.75811353,48.83859752,49.48570893,22.52583303
2023-08-21,20:00,34.71267258,49.22171275,49.87390044,24.55701513
2023-08-21,21:00,26.63586032,57.07699555,57.83326574,18.05125944
2023-08-21,22:00,23.67389119,57.8416148,58.6080162,15.24221415
2023-08-21,23:00,22.28845766,57.04016881,57.79595104,13.69649142
2023-08-22,0:00,24.08101516,55.57523236,56.31160419,15.19606163
2023-08-22,1:00,25.23977329,73.43033855,74.40329054,19.925841
2023-08-22,2:00,24.49893835,77.77060933,78.8010699,20.05306022
2023-08-22,3:00,22.21179349,61.64467706,62.46146903,14.54072891
2023-08-22,4:00,21.73838183,62.40158024,63.22840117,14.21869788
2023-08-22,5:00,24.16601923,77.07803804,78.09932204,19.58162683
2023-08-22,6:00,22.80216286,69.59854836,70.52072913,16.72187253
2023-08-22,7:00,22.6370421,69.18265226,70.09932241,16.47357255
2023-08-22,8:00,23.21049212,76.46005786,77.47315363,18.5025037
2023-08-22,9:00,23.82973163,77.25510419,78.27873432,19.28075246
2023-08-22,10:00,31.60041713,37.58481841,38.08281725,19.11738081
2023-08-22,11:00,34.65338962,36.36802443,36.84990076,21.9269945
2023-08-22,12:00,33.22071728,37.35036304,37.84525535,20.69078989
2023-08-22,13:00,28.12076031,32.37105349,32.79996995,14.59497101
2023-08-22,14:00,32.05053492,37.6539088,38.15282309,19.58131667
2023-08-22,15:00,33.70825786,37.11590204,37.60768774,21.13143827
2023-08-22,16:00,33.97901343,30.98597838,31.39654259,20.1762091
2023-08-22,17:00,32.58906301,35.61217788,36.08403924,19.71149859
2023-08-22,18:00,34.50112546,46.36897526,46.98336418,23.77492051
2023-08-22,19:00,32.129533,48.46744547,49.10963912,21.82302209
2023-08-22,20:00,28.45637057,49.64239726,50.30015903,18.38485003
2023-08-22,21:00,25.39537827,57.17955506,57.93718416,16.83128928
2023-08-22,22:00,24.12925555,55.32251899,56.05554237,15.19375935
2023-08-22,23:00,26.70998225,56.55500405,57.30435785,18.02098306
2023-08-23,0:00,26.11760948,57.06117166,57.81723219,17.52984381
2023-08-23,1:00,24.26395766,66.41589419,67.29590479,17.5471365
2023-08-23,2:00,21.23618472,71.46283084,72.40971335,15.52875089
2023-08-23,3:00,22.7864411,78.80293543,79.84707433,18.54702818
2023-08-23,4:00,24.97512074,63.47493841,64.31598134,17.67010842
2023-08-23,5:00,21.19228138,77.20264104,78.22557603,16.63280959
2023-08-23,6:00,21.10131821,60.27974643,61.07845307,13.1572675
2023-08-23,7:00,25.61716023,68.10455271,69.00693803,19.23807077
2023-08-23,8:00,21.10046893,74.15707226,75.13965347,15.93188338
2023-08-23,9:00,21.56776144,76.79597312,77.81351977,16.92695607
2023-08-23,10:00,28.45606526,34.03902802,34.49004514,15.26387086
2023-08-23,11:00,33.31180228,33.74345926,34.1905601,20.06049414
2023-08-23,12:00,34.79463248,34.80629607,35.2674795,21.7558917
2023-08-23,13:00,29.83470042,34.20020381,34.65335651,16.67474118
2023-08-23,14:00,30.55313132,31.01605151,31.42701419,16.75634162
2023-08-23,15:00,29.49038528,35.8457225,36.32067832,16.65952978
2023-08-23,16:00,32.31156575,32.18607816,32.6125437,18.74878138
2023-08-23,17:00,31.43263675,31.1034598,31.51558064,17.65332871
2023-08-23,18:00,29.62903111,54.91250826,55.640099,20.61153276
2023-08-23,19:00,30.79689941,43.1610577,43.73294172,19.42911095
2023-08-23,20:00,29.19952352,44.39803905,44.98631307,18.07913133
2023-08-23,21:00,23.89843798,59.32850403,60.11460671,15.76413879
2023-08-23,22:00,24.72766437,57.47330456,58.23482585,16.22232528
2023-08-23,23:00,25.51766129,57.53113049,58.29341797,17.02388739
2023-08-24,0:00,24.76348076,57.93292731,58.7005386,16.35006623
2023-08-24,1:00,23.78778675,77.00708203,78.02742587,19.18920316
2023-08-24,2:00,22.88335472,70.3479442,71.28005446,16.95294356
2023-08-24,3:00,23.18215592,65.0370242,65.89876477,16.18956076
2023-08-24,4:00,24.90133103,76.6756708,77.69162344,20.23646519
2023-08-24,5:00,21.2795814,63.24364032,64.08161856,13.92830946
2023-08-24,6:00,21.7784643,69.1046182,70.02025439,15.59938794
2023-08-24,7:00,24.94313346,60.69921171,61.50347627,17.0829758
2023-08-24,8:00,25.59748818,62.40096564,63.22777843,18.0776813
2023-08-24,9:00,22.93872345,78.73506489,79.7783045,18.68573642
2023-08-24,10:00,29.17092227,35.65481051,36.12723675,16.30188437
2023-08-24,11:00,35.61877406,38.89146475,39.40677666,23.39706702
2023-08-24,12:00,29.82278863,38.66694703,39.17928408,17.55617804
2023-08-24,13:00,31.51606915,32.11660016,32.54214511,17.93938918
2023-08-24,14:00,34.11830045,38.66224102,39.17451572,21.85074866
2023-08-24,15:00,31.86850903,33.85305131,34.30160424,18.63911929
2023-08-24,16:00,28.40406028,32.18830077,32.61479575,14.84172043
2023-08-24,17:00,28.59441521,36.6549458,37.14062383,15.92540437
2023-08-24,18:00,30.49182853,46.26989166,46.88296772,19.74580687
2023-08-24,19:00,29.34095781,53.05031813,53.75323485,19.95102144
2023-08-24,20:00,29.36848914,45.35301611,45.95394357,18.43909236
2023-08-24,21:00,25.46688251,58.28469926,59.05697152,17.12382236
2023-08-24,22:00,24.03784796,58.38900914,59.16266351,15.71564979
2023-08-24,23:00,26.43230679,58.24836063,59.02015141,18.08197892
2023-08-25,0:00,26.85331833,55.2911961,56.02380445,17.91155755
2023-08-25,1:00,21.95936486,77.41504038,78.44078966,17.44237294
2023-08-25,2:00,21.56787591,67.95150449,68.85186193,15.15817681
2023-08-25,3:00,24.81196077,79.85969025,80.91783114,20.78389882
2023-08-25,4:00,23.99155759,74.25874327,75.24267162,18.84330625
2023-08-25,5:00,23.97621482,65.6762069,66.54641664,17.1114562
2023-08-25,6:00,23.16296786,68.696875,69.60710859,16.90234286
2023-08-25,7:00,22.940107,76.01028045,77.01741667,18.14216309
2023-08-25,8:00,23.66081945,68.05315118,68.95485544,17.27144969
2023-08-25,9:00,23.19467881,62.99464156,63.82932056,15.79360713
2023-08-25,10:00,33.45430684,37.23386408,37.72721278,20.90107965
2023-08-25,11:00,29.94686678,39.38919977,39.91110667,17.82470673
2023-08-25,12:00,31.40446148,35.2609186,35.72812577,18.45664519
2023-08-25,13:00,34.38797243,30.44436996,30.84775787,20.47684642
2023-08-25,14:00,30.68837313,31.83471395,32.2565239,17.05531592
2023-08-25,15:00,32.0488671,36.02676796,36.50412264,19.25422069
2023-08-25,16:00,28.21470391,37.87623707,38.37809721,15.78995132
2023-08-25,17:00,35.08091181,31.34536431,31.76069039,21.34998468
2023-08-25,18:00,31.64174699,42.56630445,43.13030798,20.15500788
2023-08-25,19:00,32.94104074,47.66046983,48.29197106,22.4731347
2023-08-25,20:00,28.94322826,43.10943161,43.68063158,17.56511458
2023-08-25,21:00,24.85770153,59.61789761,60.40783475,16.78128105
2023-08-25,22:00,23.91312864,56.74106931,57.49288848,15.2613425
2023-08-25,23:00,26.73890234,57.72396251,58.48880501,18.28369485
2023-08-26,0:00,24.47404394,59.05529246,59.83777508,16.28510243
2023-08-26,1:00,21.55906686,64.97455487,65.83546772,14.55397783
2023-08-26,2:00,24.49187743,75.56484834,76.56608258,19.60484709
2023-08-26,3:00,21.80755458,63.87535513,64.72170358,14.5826256
2023-08-26,4:00,21.75960406,66.71909749,67.60312554,15.10342355
2023-08-26,5:00,22.05938824,69.90868662,70.83497672,16.04112557
2023-08-26,6:00,24.58214989,60.9315939,61.73893752,16.76846867
2023-08-26,7:00,23.63124433,60.6879333,61.49204842,15.76883099
2023-08-26,8:00,22.35795117,67.11115055,68.0003733,15.78018128
2023-08-26,9:00,22.69514254,61.62479002,62.44131849,15.02010054
2023-08-26,10:00,35.63333037,37.67892016,38.17816585,23.1691144
2023-08-26,11:00,32.86577843,36.42047656,36.90304788,20.14987375
2023-08-26,12:00,32.98231197,39.99618115,40.52613055,20.9815482
2023-08-26,13:00,35.10109363,38.65116111,39.163289,22.83132586
2023-08-26,14:00,29.10423946,34.63941028,35.09838246,16.03212152
2023-08-26,15:00,35.82977966,34.48895601,34.94593468,22.72757086
2023-08-26,16:00,31.00461205,37.7638654,38.26423662,18.55738513
2023-08-26,17:00,29.99458141,38.49060797,39.00060852,17.69270301
2023-08-26,18:00,33.40422883,40.12308233,40.65471317,21.4288453
2023-08-26,19:00,31.39549865,45.46407411,46.06647309,20.48831347
2023-08-26,20:00,34.8585601,51.53959088,52.22249046,25.16647828
2023-08-26,21:00,26.26862246,57.30982254,58.06917768,17.73058697
2023-08-26,22:00,24.34683096,57.28051322,58.03948002,15.8029336
2023-08-26,23:00,24.15311848,57.44512591,58.20627383,15.64214366
2023-08-27,0:00,26.87180303,57.79919101,58.56503029,18.43164124
2023-08-27,1:00,25.22513535,76.89552211,77.91438778,20.60423977
2023-08-27,2:00,25.42891518,73.91759187,74.89699996,20.21243356
2023-08-27,3:00,22.58624907,68.97845815,69.89242272,16.3819407
2023-08-27,4:00,22.80872422,62.90474168,63.73822951,15.38967255
2023-08-27,5:00,21.9739014,75.65595841,76.65839985,17.10509308
2023-08-27,6:00,21.42695882,69.69454498,70.6179977,15.36586782
2023-08-27,7:00,22.36791033,71.22673814,72.17049243,16.61325796
2023-08-27,8:00,24.99287291,73.79488827,74.77267054,19.75185056
2023-08-27,9:00,23.37242723,63.35394403,64.19338379,16.04321604
2023-08-27,10:00,32.7472736,31.7886307,32.20983006,19.10499974
2023-08-27,11:00,32.78095502,34.15675269,34.60932966,19.61230556
2023-08-27,12:00,30.69677327,34.26981949,34.7238946,17.55073717
2023-08-27,13:00,35.32834267,38.68228479,39.19482506,23.06479963
2023-08-27,14:00,35.71239187,32.44029749,32.87013143,22.20045137
2023-08-27,15:00,29.73385514,37.20897701,37.70199595,17.17565054
2023-08-27,16:00,32.92641355,35.09341579,35.55840355,19.94509671
2023-08-27,17:00,34.98803043,37.04682051,37.53769088,22.39739453
2023-08-27,18:00,31.360498,54.21647099,54.93483923,22.20379219
2023-08-27,19:00,32.30574099,54.29591087,55.01533169,23.16492317
2023-08-27,20:00,31.8493941,51.42598929,52.10738365,22.13459196
2023-08-27,21:00,23.46326759,56.49652742,57.24510641,14.76257308
2023-08-27,22:00,22.35033676,56.68372579,57.43478516,13.68708192
2023-08-27,23:00,23.51958517,59.46272764,60.25060878,15.4121307
2023-08-28,0:00,23.23826739,58.00969713,58.77832561,14.84020681
2023-08-28,1:00,25.31229686,79.86669671,80.92493044,21.2856362
2023-08-28,2:00,22.61830139,62.48574592,63.31368206,15.11545058
2023-08-28,3:00,21.3122258,79.76111322,80.81794797,17.26444844
2023-08-28,4:00,22.88426665,63.63202418,64.4751485,15.61067149
2023-08-28,5:00,23.26896319,68.19709575,69.10070727,16.90838234
2023-08-28,6:00,23.98200103,78.40037406,79.43917902,19.66207584
2023-08-28,7:00,24.73492505,77.82838647,78.85961259,20.30060234
2023-08-28,8:00,21.70749805,69.21764082,70.13477456,15.55102622
2023-08-28,9:00,21.48805398,76.00363217,77.0106803,16.68878042
2023-08-28,10:00,35.95382039,38.20928774,38.7155608,23.59567794
2023-08-28,11:00,32.03192785,38.00860611,38.51222014,19.63364907
2023-08-28,12:00,29.51599252,39.67610467,40.20181306,17.45121346
2023-08-28,13:00,31.64691067,38.22233734,38.72878331,19.29137814
2023-08-28,14:00,31.16261819,31.48086385,31.8979853,17.45879096
2023-08-28,15:00,35.41747513,33.65756874,34.10353152,22.14898887
2023-08-28,16:00,30.10858845,32.99155928,33.42869744,16.70690031
2023-08-28,17:00,31.80312953,31.14682728,31.55952275,18.03249498
2023-08-28,18:00,32.97995376,52.57490786,53.27152539,23.49493533
2023-08-28,19:00,32.57789149,52.67289893,53.37081484,23.11247127
2023-08-28,20:00,32.58858228,50.81721277,51.49054084,22.75202484
2023-08-28,21:00,23.57691486,57.20507027,57.96303745,15.01792891
2023-08-28,22:00,23.46600725,58.16725788,58.93797405,15.09945883
2023-08-28,23:00,22.34469419,59.77402237,60.56602817,14.29949867
2023-08-29,0:00,24.71196412,55.94134421,56.68256702,15.90023296
2023-08-29,1:00,22.30292839,66.16389782,67.04056946,15.53570795
2023-08-29,2:00,22.61425595,73.66769771,74.6437947,17.34779549
2023-08-29,3:00,25.20277755,64.11745698,64.96701328,18.02626895
2023-08-29,4:00,21.0881286,63.35657613,64.19605076,13.75944383
2023-08-29,5:00,24.55928384,70.31313533,71.24478437,18.6219109
2023-08-29,6:00,21.15801156,73.9102828,74.88959405,15.94006812
2023-08-29,7:00,22.47729295,66.99161326,67.87925213,15.8756156
2023-08-29,8:00,23.97986698,75.57980569,76.58123812,19.09582812
2023-08-29,9:00,22.58206976,62.04513453,62.86723256,14.99109666
2023-08-29,10:00,31.0928185,36.83854236,37.32665305,18.46052697
2023-08-29,11:00,30.30587133,34.8530844,35.31488777,17.27648821
2023-08-29,12:00,29.93347013,38.19721811,38.70333125,17.57291375
2023-08-29,13:00,31.27969713,37.58493237,38.08293272,18.7966836
2023-08-29,14:00,33.94397655,34.18650636,34.63947757,20.78127782
2023-08-29,15:00,28.74093319,32.98892873,33.42603203,15.33871894
2023-08-29,16:00,29.12453191,37.97249873,38.47563434,16.71903165
2023-08-29,17:00,29.69164188,31.52239734,31.9400691,15.99612134
2023-08-29,18:00,30.72623718,41.77116225,42.32463015,19.08046963
2023-08-29,19:00,33.80487611,53.47033135,54.17881325,24.49894238
2023-08-29,20:00,28.974803,40.51571332,41.05254653,17.07794567
2023-08-29,21:00,26.84895864,56.10918591,56.85263263,18.07079582
2023-08-29,22:00,25.32618649,58.57157932,59.34765274,17.04050235
2023-08-29,23:00,23.47899312,57.79931155,58.56515242,15.03885543
2023-08-30,0:00,22.91101211,59.3129897,60.09888681,14.77361005
2023-08-30,1:00,23.31472575,66.60570739,67.48823302,16.63586723
2023-08-30,2:00,25.11121555,79.90030781,80.95898689,21.09127711
2023-08-30,3:00,23.2262851,66.61160231,67.49420604,16.54860556
2023-08-30,4:00,23.59734146,61.30087024,62.11310678,15.85751551
2023-08-30,5:00,24.42378451,62.87614913,63.70925811,16.99901434
2023-08-30,6:00,23.80460559,65.62234159,66.49183761,16.92907391
2023-08-30,7:00,23.04079238,77.53223937,78.55954155,18.54724025
2023-08-30,8:00,25.8518164,63.29449446,64.13314651,18.5107153
2023-08-30,9:00,24.42395907,64.60763865,65.46368987,17.3454868
2023-08-30,10:00,29.23328304,32.72099048,33.1545436,15.77748113
2023-08-30,11:00,31.35029516,32.16816747,32.59439569,17.78392865
2023-08-30,12:00,35.9583302,39.25070857,39.77078046,23.80847191
2023-08-30,13:00,34.76698192,30.91274199,31.32233582,20.94953032
2023-08-30,14:00,32.75193935,35.81780493,36.29239085,19.91550034
2023-08-30,15:00,28.53210256,34.12135754,34.57346553,15.35637407
2023-08-30,16:00,34.02466568,31.13568221,31.54823,20.25180213
2023-08-30,17:00,28.28681136,35.10608156,35.57123714,15.30802767
2023-08-30,18:00,29.57109375,43.94725665,44.5295578,18.36054508
2023-08-30,19:00,33.18540553,46.73671272,47.35597417,22.53274807
2023-08-30,20:00,28.22853403,50.6915298,51.36319257,18.36683999
2023-08-30,21:00,24.28408027,56.97086782,57.72573182,15.67825383
2023-08-30,22:00,22.98386141,55.31703558,56.0499863,14.04726853
2023-08-30,23:00,24.62381388,55.00530534,55.73412563,15.62487495
2023-08-31,0:00,24.56338238,58.41094676,59.1848918,16.24557173
2023-08-31,1:00,23.46031598,62.21261808,63.03693527,15.9028396
2023-08-31,2:00,22.95754296,62.42306449,63.25017009,15.44215586
2023-08-31,3:00,24.91882154,63.19367478,64.03099097,17.5575565
2023-08-31,4:00,23.37174356,63.64372228,64.4870016,16.10048802
2023-08-31,5:00,22.94873333,70.76347933,71.70109544,17.1014292
2023-08-31,6:00,23.58834878,77.92666897,78.95919734,19.17368257
2023-08-31,7:00,25.35095317,63.61419173,64.45707977,18.07379151
2023-08-31,8:00,23.83247168,66.43159226,67.31181086,17.11879013
2023-08-31,9:00,23.02485465,79.81715577,80.87473308,18.9882858
2023-08-31,10:00,32.04787269,38.35848839,38.86673837,19.71957037
2023-08-31,11:00,33.57236217,39.50090914,40.02429619,21.472544
2023-08-31,12:00,29.89261647,34.97173673,35.43511225,16.88696381
2023-08-31,13:00,30.15362144,38.39599378,38.9047407,17.83282019
2023-08-31,14:00,32.09386952,36.34840522,36.83002159,19.36355057
2023-08-31,15:00,28.94994678,33.20674834,33.64673776,15.59129645
2023-08-31,16:00,28.57397502,35.50699777,35.97746549,15.67537457
2023-08-31,17:00,32.44749641,36.70282887,37.18914135,19.78806218
2023-08-31,18:00,28.23762326,44.65947538,45.25121343,17.16951834
2023-08-31,19:00,32.88249623,41.17510837,41.72067856,21.11751791
2023-08-31,20:00,29.14903971,41.05328813,41.5972442,17.35969733
2023-08-31,21:00,23.4426919,59.525175,60.31388357,15.3477269
2023-08-31,22:00,26.74876755,55.74867306,56.48734298,17.89850216
2023-08-31,23:00,25.7125059,58.4207637,59.19483882,17.39665864
2023-09-01,0:00,26.81745967,59.07618357,59.858943,18.63269638
2023-09-01,1:00,21.0573871,61.77771531,62.59627004,13.41293017
2023-09-01,2:00,21.22600233,71.02387808,71.96494447,15.43077794
2023-09-01,3:00,24.63463842,62.12310334,62.94623445,17.05925909
2023-09-01,4:00,22.76028098,79.53599854,80.58985052,18.66748069
2023-09-01,5:00,23.96452111,68.63182478,69.54119646,17.69088607
2023-09-01,6:00,25.55300086,73.82995018,74.80819702,20.3189909
2023-09-01,7:00,25.60662533,64.63142738,65.48779379,18.53291081
2023-09-01,8:00,23.28469145,60.53079734,61.33283041,15.39085092
2023-09-01,9:00,21.79184649,79.41004571,80.46222881,17.67385563
2023-09-01,10:00,29.07895186,38.28263214,38.78987702,16.73547828
2023-09-01,11:00,34.98520743,34.16840215,34.62113348,21.81888786
2023-09-01,12:00,35.4872733,36.63742269,37.12286854,22.81475784
2023-09-01,13:00,34.20763377,30.39825464,30.80103151,20.2872847
2023-09-01,14:00,28.72438291,32.3700369,32.79893989,15.19839029
2023-09-01,15:00,31.246215,31.12918831,31.54165006,17.47205267
2023-09-01,16:00,32.74889377,32.10637804,32.53178755,19.17016938
2023-09-01,17:00,35.54992411,34.75853634,35.21908695,22.50163137
2023-09-01,18:00,28.8286528,51.23503191,51.91389608,19.07565918
2023-09-01,19:00,30.65895199,51.33864374,52.01888077,20.92668074
2023-09-01,20:00,29.6830827,41.89045313,42.44550163,18.06117332
2023-09-01,21:00,26.13082087,59.30191302,60.08766337,17.99120348
2023-09-01,22:00,24.52739045,57.21987403,57.97803736,15.97136526
2023-09-01,23:00,22.53862307,55.49756883,56.23291162,13.63813684
2023-09-02,0:00,24.80397243,59.69654922,60.4875285,16.74328227
2023-09-02,1:00,25.14689115,73.57872543,74.55364354,19.86263624
2023-09-02,2:00,25.65476217,69.01860262,69.9330991,19.4584827
2023-09-02,3:00,22.03515037,65.53277145,66.40108067,15.14170466
2023-09-02,4:00,21.80148448,78.72295114,79.76603025,17.54607471
2023-09-02,5:00,25.87126419,62.69488794,63.5255952,18.41024178
2023-09-02,6:00,21.19301206,77.81273004,78.84374871,16.75555807
2023-09-02,7:00,22.61534237,71.54479264,72.49276115,16.9243009
2023-09-02,8:00,23.47920699,76.89266794,77.91149579,18.85774058
2023-09-02,9:00,21.99951031,65.13124334,65.99423232,15.02575898
2023-09-02,10:00,34.91713846,37.39492598,37.89040875,22.39612366
2023-09-02,11:00,33.41241908,36.56143584,37.04587487,20.72470625
2023-09-02,12:00,30.38620859,39.15463018,39.67342903,18.21713463
2023-09-02,13:00,28.19535233,37.34352553,37.83832725,15.66405743
2023-09-02,14:00,28.18603942,32.34307579,32.77162154,14.65465457
2023-09-02,15:00,34.11568278,33.04682729,33.48469775,20.72504824
2023-09-02,16:00,29.77273701,37.11486327,37.60663521,17.19570966
2023-09-02,17:00,28.09275444,37.14345311,37.63560386,15.52144506
2023-09-02,18:00,34.48452377,42.83820184,43.40580801,23.05216414
2023-09-02,19:00,31.37811648,43.92106958,44.50302376,20.1623304
2023-09-02,20:00,28.58032292,53.6429063,54.35367481,19.30890418
2023-09-02,21:00,23.51482733,55.00869842,55.73756367,14.51656702
2023-09-02,22:00,25.84624095,58.29301602,59.06539849,17.50484416
2023-09-02,23:00,24.62761429,57.34084967,58.10061593,16.09578423
2023-09-03,0:00,23.14413887,56.75467121,57.5066706,14.49507311
2023-09-03,1:00,21.43980589,60.56761816,61.3701391,13.55332952
2023-09-03,2:00,24.84712894,79.64536228,80.70066333,20.7762014
2023-09-03,3:00,22.87463174,72.84203225,73.80718918,17.44303819
2023-09-03,4:00,21.49668801,71.32758511,72.27267561,15.76220504
2023-09-03,5:00,24.71047125,74.40828487,75.39419464,19.59212822
2023-09-03,6:00,25.15447497,60.37574359,61.17572219,17.22962369
2023-09-03,7:00,22.38977504,78.6131406,79.65476471,18.11240316
2023-09-03,8:00,23.44840477,70.36944592,71.30184107,17.52229395
2023-09-03,9:00,21.40637882,76.89911871,77.91803203,16.78620256
2023-09-03,10:00,33.60633213,39.81016834,40.33765307,21.5683658
2023-09-03,11:00,35.04895051,31.89356919,32.31615899,21.42766434
2023-09-03,12:00,30.6474033,36.07619989,36.55420954,17.86264328
2023-09-03,13:00,32.42934717,31.45843356,31.87525781,18.72103388
2023-09-03,14:00,35.32690787,39.7330749,40.25953814,23.27352285
2023-09-03,15:00,34.3472287,36.27422922,36.75486276,21.60207454
2023-09-03,16:00,35.63417229,36.75232814,37.23929649,22.98463792
2023-09-03,17:00,28.29671321,34.16415524,34.61683029,15.12954426
2023-09-03,18:00,28.76896515,40.9205177,41.46271456,16.95306869
2023-09-03,19:00,30.13602544,45.59889434,46.20307969,19.25580431
2023-09-03,20:00,31.11415725,49.29701456,49.95020001,20.97356017
2023-09-03,21:00,26.65371693,57.70907694,58.47372221,18.19553231
2023-09-03,22:00,25.10273516,59.44888201,60.2365797,16.99251156
2023-09-03,23:00,26.20206643,56.17668626,56.92102736,17.43740368
2023-09-04,0:00,26.84024151,58.39289411,59.16659995,18.51882033
2023-09-04,1:00,24.68742454,68.6974547,69.60769598,18.42691548
2023-09-04,2:00,21.56865943,72.78580351,73.75021541,16.12582013
2023-09-04,3:00,25.89678984,65.52903265,66.39729233,19.00259637
2023-09-04,4:00,22.55514549,70.03632137,70.96430263,16.56240977
2023-09-04,5:00,25.63845724,74.92529776,75.91805796,20.62351679
2023-09-04,6:00,24.29138019,79.78602889,80.84319377,20.24858597
2023-09-04,7:00,22.0283709,71.49434032,72.44164033,16.32723897
2023-09-04,8:00,24.96215648,70.09212516,71.02084582,18.98058151
2023-09-04,9:00,25.6441973,60.12231969,60.91894042,17.66866123
2023-09-04,10:00,29.71675901,30.85363511,31.26244577,15.88748603
2023-09-04,11:00,32.23554998,35.33403708,35.80221308,19.30235739
2023-09-04,12:00,32.45147104,32.60090185,33.0328638,18.97165141
2023-09-04,13:00,35.59071658,39.97490388,40.50457136,23.58569736
2023-09-04,14:00,31.00687165,36.66809292,37.15394515,18.34049024
2023-09-04,15:00,35.7456381,36.76551926,37.25266239,23.09874195
2023-09-04,16:00,28.5137167,33.25073287,33.69130508,15.16386328
2023-09-04,17:00,33.98279666,34.22562333,34.67911284,20.82792133
2023-09-04,18:00,32.70878236,42.12942448,42.68763936,21.13466725
2023-09-04,19:00,32.02789337,46.51545067,47.13178039,21.3309835
2023-09-04,20:00,29.64299841,47.44215,48.07075849,19.13142841
2023-09-04,21:00,26.93815194,56.60388494,57.35388642,18.25892893
2023-09-04,22:00,22.53290946,59.95522162,60.74962831,14.52395378
2023-09-04,23:00,24.00323578,56.34504997,57.09162188,15.27224577
2023-09-05,0:00,24.90851981,59.98930262,60.78416088,16.90638033
2023-09-05,1:00,21.63169574,73.31662228,74.28806752,16.29502019
2023-09-05,2:00,22.10137996,78.86751068,79.9125052,17.87488209
2023-09-05,3:00,23.38521574,74.69706195,75.68679802,18.32462813
2023-09-05,4:00,24.29228393,67.06244504,67.95102243,17.70477294
2023-09-05,5:00,25.01170813,78.18141084,79.21731453,20.6479903
2023-09-05,6:00,25.69175755,63.73508593,64.57957582,18.43877474
2023-09-05,7:00,25.61731462,70.44418661,71.37757208,19.70615194
2023-09-05,8:00,22.26591697,61.30738606,62.11970893,14.52739418
2023-09-05,9:00,24.32569844,69.87465414,70.80049331,18.30062927
2023-09-05,10:00,34.27419586,30.89601304,31.30538521,20.45339847
2023-09-05,11:00,34.86611683,39.25750039,39.77766228,22.71761691
2023-09-05,12:00,34.04340437,31.66561985,32.08518931,20.37652834
2023-09-05,13:00,35.86483872,30.74077277,31.14808801,22.01299327
2023-09-05,14:00,30.69119376,34.50164618,34.95879299,17.59152299
2023-09-05,15:00,34.86033807,36.3684176,36.85029913,22.13402159
2023-09-05,16:00,34.68536957,36.2579902,36.73840857,21.93696761
2023-09-05,17:00,32.3716131,34.65041216,35.10953012,19.30169553
2023-09-05,18:00,30.98939402,54.40425388,55.12511024,21.87024479
2023-09-05,19:00,30.15733149,43.93435024,44.51648038,18.94420154
2023-09-05,20:00,28.10733873,40.40327257,40.93861593,16.18799324
2023-09-05,21:00,25.42403058,59.41762963,60.20491322,17.30755651
2023-09-05,22:00,25.15189782,55.53365104,56.26947192,16.25862803
2023-09-05,23:00,22.82472663,58.49097543,59.26598086,14.52292172
2023-09-06,0:00,23.10833011,56.19573664,56.94033015,14.34747743
2023-09-06,1:00,25.78894092,63.52112121,64.36277607,18.49316516
2023-09-06,2:00,23.90574527,76.84904404,77.86729387,19.27555408
2023-09-06,3:00,24.26666446,67.06031132,67.94886045,17.67872673
2023-09-06,4:00,25.23249315,73.61333477,74.58871145,19.9551601
2023-09-06,5:00,24.94074042,73.20408967,74.17404385,19.58155835
2023-09-06,6:00,25.38965518,61.46851504,62.28297287,17.68335819
2023-09-06,7:00,23.02747935,61.07436232,61.88359763,15.24235182
2023-09-06,8:00,22.71862323,67.63472842,68.53088857,16.24556891
2023-09-06,9:00,21.1132561,70.28478295,71.21605633,15.17021269
2023-09-06,10:00,31.66147486,34.03434484,34.48529991,18.46834383
2023-09-06,11:00,32.15572475,34.81793461,35.27927225,19.11931167
2023-09-06,12:00,34.38601076,36.77197229,37.25920093,21.74040522
2023-09-06,13:00,33.28519031,31.54122261,31.9591438,19.59343483
2023-09-06,14:00,28.920744,30.29483538,30.69624195,14.97971107
2023-09-06,15:00,35.30280661,39.26052324,39.78072517,23.15491126
2023-09-06,16:00,29.54517943,35.95999949,36.43646949,16.73717932
2023-09-06,17:00,32.18710003,37.64512108,38.14391893,19.71612425
2023-09-06,18:00,33.42828377,41.12528714,41.67019719,21.65334119
2023-09-06,19:00,29.85462467,41.52154052,42.07170093,18.15893277
2023-09-06,20:00,34.06128321,41.32970936,41.87732801,22.32722508
2023-09-06,21:00,24.92764171,57.35411235,58.11405434,16.39846418
2023-09-06,22:00,24.42409906,57.02288772,57.77844098,15.82867661
2023-09-06,23:00,24.07746325,55.83329238,56.57308351,15.24412173
2023-09-07,0:00,26.58454131,59.75864564,60.5504477,18.53627044
2023-09-07,1:00,22.8133526,77.87943839,78.91134094,18.38924028
2023-09-07,2:00,21.70032587,78.95733822,80.00352295,17.49179351
2023-09-07,3:00,22.93283629,78.99446081,80.04113742,18.73172846
2023-09-07,4:00,21.92686433,61.18057768,61.99122033,14.16297987
2023-09-07,5:00,24.76656861,67.94899255,68.8493167,18.35636712
2023-09-07,6:00,21.93964008,73.3420235,74.31380531,16.60804478
2023-09-07,7:00,22.61458811,69.40589529,70.3255234,16.49576717
2023-09-07,8:00,24.76938363,60.86527341,61.67173828,16.94243831
2023-09-07,9:00,21.25448078,73.65471511,74.63064009,15.9854238
2023-09-07,10:00,31.72493985,36.67470069,37.16064048,19.05987998
2023-09-07,11:00,30.67736549,34.23153964,34.68510754,17.52367341
2023-09-07,12:00,29.97368671,31.3258327,31.74089998,16.23885325
2023-09-07,13:00,31.64519575,39.67224764,40.19790492,19.57964528
2023-09-07,14:00,29.01410756,37.81246933,38.31348455,16.57660142
2023-09-07,15:00,31.31711266,36.41774951,36.90028469,18.60066256
2023-09-07,16:00,33.47259654,33.0772601,33.5155338,20.08804856
2023-09-07,17:00,29.96316801,31.93154478,32.35463775,16.34947697
2023-09-07,18:00,30.15014934,53.3534928,54.06042657,20.8208479
2023-09-07,19:00,33.45924586,49.88823226,50.54925133,23.43689231
2023-09-07,20:00,34.12234802,50.81973847,51.4931,24.28629571
2023-09-07,21:00,25.07733156,56.26655019,57.01208198,16.3306416
2023-09-07,22:00,22.50142263,56.28180241,57.02753629,13.75778311
2023-09-07,23:00,24.65510069,59.37261989,60.1593071,16.52962467
2023-09-08,0:00,25.30961046,58.6123154,59.38892858,17.03207354
2023-09-08,1:00,21.87513824,71.62841641,72.57749293,16.20082152
2023-09-08,2:00,24.44123595,62.6837342,63.51429368,16.97798279
2023-09-08,3:00,23.91796895,75.41918021,76.41848435,19.00180499
2023-09-08,4:00,21.75407557,73.9961077,74.97655613,16.55329711
2023-09-08,5:00,25.76649756,66.68958667,67.57322369,19.1044149
2023-09-08,6:00,24.72894942,63.31805271,64.1570169,17.39255996
2023-09-08,7:00,25.29001251,76.30867002,77.31975989,20.55174651
2023-09-08,8:00,22.74183887,66.36084405,67.24012523,16.01400768
2023-09-08,9:00,22.25136989,73.76852076,74.74595366,17.00507405
2023-09-08,10:00,30.47904965,31.01461757,31.42556126,16.68197316
2023-09-08,11:00,35.8993644,33.04063653,33.47842496,22.50749171
2023-09-08,12:00,28.37200339,30.45650542,30.86005411,14.46330448
2023-09-08,13:00,35.43934547,32.85836026,33.29373354,22.01101753
2023-09-08,14:00,33.18096462,37.61449271,38.11288474,20.70386316
2023-09-08,15:00,34.26667764,35.75447602,36.22822283,21.41757284
2023-09-08,16:00,33.85357019,31.83689373,32.25873257,20.22094893
2023-09-08,17:00,28.03220653,34.46021127,34.91680907,14.92424879
2023-09-08,18:00,34.0588007,51.55721812,52.24035126,24.37024432
2023-09-08,19:00,29.74198658,53.30419763,54.01047825,20.4028261
2023-09-08,20:00,31.49606814,41.22068929,41.76686343,19.740206
2023-09-08,21:00,24.83088023,57.6327739,58.39640815,16.35743501
2023-09-08,22:00,23.37031385,55.42023936,56.15455754,14.45436172
2023-09-08,23:00,23.49885131,56.27929518,57.02499584,14.75471035
2023-09-09,0:00,26.93219188,57.61320302,58.37657796,18.45483249
2023-09-09,1:00,25.87752867,63.04374902,63.87907869,18.48627848
2023-09-09,2:00,24.1439549,61.5493361,62.3648648,16.45382212
2023-09-09,3:00,23.19993064,73.97843091,74.95864512,17.99561683
2023-09-09,4:00,24.32649547,69.37785183,70.29710837,18.20206584
2023-09-09,5:00,23.71754741,69.87184375,70.79764568,17.69191616
2023-09-09,6:00,22.61985443,66.66275258,67.54603405,15.95240495
2023-09-09,7:00,25.70057764,74.11643613,75.09847891,20.52386487
2023-09-09,8:00,25.48692483,77.09737227,78.11891245,20.90639929
2023-09-09,9:00,21.98821036,72.3845008,73.34359543,16.46511052
2023-09-09,10:00,29.85872358,33.88280144,34.33174856,16.63528387
2023-09-09,11:00,34.96467026,39.50332855,40.02674765,22.86533597
2023-09-09,12:00,32.61360114,36.21791146,36.69779879,19.85718343
2023-09-09,13:00,34.15000584,31.67523442,32.09493127,20.48505272
2023-09-09,14:00,33.68007952,32.04088126,32.46542293,20.08825577
2023-09-09,15:00,28.76129158,38.63983872,39.15181658,16.48925932
2023-09-09,16:00,30.15725705,30.92051363,31.33021043,16.34135978
2023-09-09,17:00,28.18939257,30.55117476,30.95597782,14.29962752
2023-09-09,18:00,33.78501537,40.03280147,40.56323608,21.79157567
2023-09-09,19:00,29.50611407,50.32972909,50.996598,19.57205989
2023-09-09,20:00,33.55601024,40.16703906,40.69925233,21.58941805
2023-09-09,21:00,26.97269255,56.7680667,57.52024358,18.32630589
2023-09-09,22:00,23.35739063,57.20494729,57.96291285,14.79838009
2023-09-09,23:00,22.85735514,56.9407692,57.69523439,14.24550898
2023-09-10,0:00,26.58548588,55.46909291,56.20405839,17.67930446
2023-09-10,1:00,21.7417034,75.59543382,76.59707331,16.86079016
2023-09-10,2:00,24.68747286,70.94860055,71.88866951,18.87719297
2023-09-10,3:00,24.21143347,77.34005917,78.36481495,19.67944531
2023-09-10,4:00,23.62748565,70.96720332,71.90751877,17.82092632
2023-09-10,5:00,21.42848965,69.33091127,70.24954585,15.2946719
2023-09-10,6:00,23.41121683,73.05797464,74.0259928,18.02281176
2023-09-10,7:00,21.9073228,65.84544878,66.71790098,15.07641255
2023-09-10,8:00,21.56810041,70.9963143,71.93701547,15.76736327
2023-09-10,9:00,25.73225665,76.05895772,77.06673891,20.9440482
2023-09-10,10:00,30.25456729,39.00267732,39.5194628,18.05510275
2023-09-10,11:00,31.18465771,31.36533723,31.78092795,17.45772516
2023-09-10,12:00,30.97620365,35.62724062,36.09930156,18.10165177
2023-09-10,13:00,30.30710125,34.03150794,34.48242542,17.11340284
2023-09-10,14:00,30.77826381,34.24762075,34.70140173,17.62778796
2023-09-10,15:00,34.62635683,33.63057612,34.07618125,21.35247205
2023-09-10,16:00,30.58763245,33.05294297,33.49089447,17.19822105
2023-09-10,17:00,30.40636321,33.23875657,33.6791701,17.05411452
2023-09-10,18:00,30.01897313,45.20945178,45.80847701,19.06086349
2023-09-10,19:00,32.38609331,41.66885057,42.22096284,20.71986343
2023-09-10,20:00,30.37461461,43.67737451,44.25609972,19.11008951
2023-09-10,21:00,25.65494566,55.35320023,56.08663014,16.72558571
2023-09-10,22:00,24.57429882,56.2630268,57.0085119,15.82690418
2023-09-10,23:00,23.17133114,55.50625615,56.24171405,14.27258237
2023-09-11,0:00,24.26496601,59.92645424,60.72047976,16.25025686
2023-09-11,1:00,22.05373948,62.53466815,63.3632525,14.56067311
2023-09-11,2:00,21.33273619,65.6499661,66.51982815,14.46272941
2023-09-11,3:00,22.37375336,67.02762048,67.91573645,15.77927746
2023-09-11,4:00,23.22163111,65.34310475,66.20890089,16.29025206
2023-09-11,5:00,22.7322922,62.9341394,63.76801674,15.31912008
2023-09-11,6:00,22.21459754,64.09697635,64.94626128,15.03399281
2023-09-11,7:00,23.41043908,72.76676632,73.73092597,17.96379234
2023-09-11,8:00,25.10960238,75.54083644,76.54175252,20.21776967
2023-09-11,9:00,23.32503716,65.75809255,66.62938727,16.47665567
2023-09-11,10:00,34.7108615,39.50612332,40.02957946,22.61208616
2023-09-11,11:00,34.76813855,33.78848125,34.23617863,21.5258348
2023-09-11,12:00,31.98092537,34.66053636,35.11978846,18.91303264
2023-09-11,13:00,30.91373266,37.11463897,37.60640793,18.33666045
2023-09-11,14:00,32.32703371,38.36052415,38.86880109,19.99913854
2023-09-11,15:00,31.35304111,34.6932917,35.15297781,18.29169945
2023-09-11,16:00,29.11997951,32.9555691,33.39223039,15.71109333
2023-09-11,17:00,30.42049051,39.39692503,39.91893429,18.29987552
2023-09-11,18:00,33.28124416,47.30561483,47.93241422,22.74236713
2023-09-11,19:00,32.00643911,41.65103872,42.20291499,20.33664685
2023-09-11,20:00,30.18254459,48.15409732,48.79213911,19.81336405
2023-09-11,21:00,26.99783359,55.76984907,56.50879957,18.1518034
2023-09-11,22:00,26.22145525,55.24346914,55.9754451,17.27014908
2023-09-11,23:00,22.06284811,55.04284111,55.77215876,13.07141633
2023-09-12,0:00,25.5193548,55.62967613,56.36676934,16.64529002
2023-09-12,1:00,25.1688675,64.38753892,65.24067381,18.04637528
2023-09-12,2:00,24.73807165,65.00139553,65.86266402,17.73835076
2023-09-12,3:00,21.3437431,73.8554011,74.83398517,16.11482332
2023-09-12,4:00,21.66000234,61.32580254,62.13836943,13.92516285
2023-09-12,5:00,22.08791144,69.21710577,70.13423242,15.9313326
2023-09-12,6:00,23.27763829,76.06789362,77.07579321,18.49121701
2023-09-12,7:00,23.05950712,79.40401406,80.45611724,18.94030994
2023-09-12,8:00,23.59397638,60.35376917,61.15345661,15.66473021
2023-09-12,9:00,25.74792901,79.2284693,80.27824652,21.59362287
2023-09-12,10:00,29.03877288,37.73194147,38.2318897,16.58516118
2023-09-12,11:00,28.1293708,31.73724957,32.15776813,14.47682071
2023-09-12,12:00,29.50714107,36.34515198,36.82672524,16.77617147
2023-09-12,13:00,30.07700688,35.11078643,35.57600435,17.09916417
2023-09-12,14:00,35.63184621,35.82828585,36.30301064,22.79750338
2023-09-12,15:00,34.42461403,35.5178854,35.98849738,21.52819111
2023-09-12,16:00,34.61005765,32.43307266,32.86281088,21.09667218
2023-09-12,17:00,30.34910623,39.24115045,39.76109569,18.19733632
2023-09-12,18:00,34.78639583,44.41740039,45.00593094,23.66987591
2023-09-12,19:00,29.68434874,40.28125986,40.81498655,17.74060071
2023-09-12,20:00,34.24841793,49.37337961,50.02757689,24.12309385
2023-09-12,21:00,22.832371,55.4958246,56.23114427,13.93153592
2023-09-12,22:00,24.99714635,59.85652663,60.64962561,16.96845168
2023-09-12,23:00,24.27150394,57.96392533,58.73194734,15.864289
2023-09-13,0:00,24.37170627,55.38627987,56.12014808,15.44896224
2023-09-13,1:00,22.77134319,62.66991134,63.50028766,15.30532546
2023-09-13,2:00,23.55491101,66.94809363,67.83515588,16.94452974
2023-09-13,3:00,25.77794307,69.8939898,70.82008517,19.75674103
2023-09-13,4:00,21.46555088,71.09965906,72.04172954,15.68548269
2023-09-13,5:00,25.04240583,65.32203317,66.18755011,18.10681246
2023-09-13,6:00,21.42484882,65.64500492,66.51480124,14.5538498
2023-09-13,7:00,22.33823336,70.73810336,71.67538323,16.48585403
2023-09-13,8:00,25.86494946,60.81762061,61.62345409,18.02847358
2023-09-13,9:00,23.95524572,66.22811969,67.10564227,17.20086965
2023-09-13,10:00,29.12347822,35.18884386,35.65509604,16.16124699
2023-09-13,11:00,28.8518032,34.19502465,34.64810872,15.69080813
2023-09-13,12:00,35.04317496,39.82671613,40.35442012,23.00851818
2023-09-13,13:00,33.2150946,30.55459008,30.9594384,19.32601262
2023-09-13,14:00,34.20471851,36.24210367,36.72231154,21.45313924
2023-09-13,15:00,30.98722514,36.56560342,37.05009767,18.30034583
2023-09-13,16:00,30.23096095,30.82051679,31.22888864,16.39506431
2023-09-13,17:00,32.60203688,35.91345172,36.38930495,19.78472722
2023-09-13,18:00,29.84376551,46.41388265,47.02886659,19.12654204
2023-09-13,19:00,29.14593083,46.92782302,47.54961667,18.53149544
2023-09-13,20:00,34.42679638,44.94067348,45.5361374,23.41493108
2023-09-13,21:00,24.42282005,56.444684,57.19257607,15.71175685
2023-09-13,22:00,26.39282557,58.56181945,59.33776356,18.10518946
2023-09-13,23:00,23.83183295,56.07475239,56.81774286,15.04678343
2023-09-14,0:00,24.13053185,57.95692249,58.72485171,15.72191635
2023-09-14,1:00,25.1247934,74.56537734,75.55336859,20.03786886
2023-09-14,2:00,24.00925602,71.18039968,72.12353997,18.24533596
2023-09-14,3:00,25.38413173,73.4718659,74.44536812,20.07850491
2023-09-14,4:00,25.5858629,61.12062448,61.93047275,17.8099878
2023-09-14,5:00,25.28500332,66.44406177,67.32444559,18.57381567
2023-09-14,6:00,24.92737195,64.61276372,65.46888284,17.8499247
2023-09-14,7:00,23.87610116,78.93127714,79.97711656,19.66235659
2023-09-14,8:00,24.10567288,66.39594961,67.27569594,17.3848628
2023-09-14,9:00,24.71007418,64.66210332,65.51887619,17.64249484
2023-09-14,10:00,33.83755881,34.21760064,34.67098385,20.68107894
2023-09-14,11:00,31.50666956,30.77765185,31.18545573,17.66219993
2023-09-14,12:00,34.77429105,37.77606275,38.27659559,22.3295036
2023-09-14,13:00,30.24239224,32.76569881,33.19984432,16.795532
2023-09-14,14:00,34.57475606,38.37657325,38.88506285,22.25007071
2023-09-14,15:00,32.72251446,36.76957628,37.25677317,20.07642972
2023-09-14,16:00,29.58513157,34.53768989,34.99531428,16.49266955
2023-09-14,17:00,31.20497995,39.42898232,39.95141634,19.09077641
2023-09-14,18:00,31.99677428,45.71669604,46.32244226,21.14011348
2023-09-14,19:00,29.0458369,48.31544292,48.95562254,18.70892548
2023-09-14,20:00,28.1846528,46.642928,47.2609468,17.5132384
2023-09-14,21:00,26.99211675,57.83863655,58.60499848,18.55984406
2023-09-14,22:00,24.71236573,56.92958871,57.68390576,16.09828347
2023-09-14,23:00,24.95245124,57.43909297,58.20016095,16.44026983
2023-09-15,0:00,25.71899895,55.14916778,55.87989425,16.74883251
2023-09-15,1:00,25.43267927,62.10062779,62.92346111,17.85280483
2023-09-15,2:00,23.0434071,79.92243385,80.98140609,19.02789386
2023-09-15,3:00,25.3942117,67.49546505,68.38977996,18.89330471
2023-09-15,4:00,24.93048328,79.70732768,80.76344977,20.87194882
2023-09-15,5:00,25.4800237,60.03370959,60.82915624,17.48676562
2023-09-15,6:00,22.78050753,68.8330053,69.74504262,16.54710859
2023-09-15,7:00,25.26282672,76.98951499,78.00962607,20.66072972
2023-09-15,8:00,24.77969051,75.15333506,76.14911675,19.81035752
2023-09-15,9:00,25.7764189,78.44432244,79.48370971,21.46528339
2023-09-15,10:00,35.29174735,31.91590846,32.33879424,21.67492904
2023-09-15,11:00,34.67427483,36.84015517,37.32828723,22.04230586
2023-09-15,12:00,28.75977978,31.99770954,32.42167919,15.15932168
2023-09-15,13:00,33.96980184,38.10275328,38.60761477,21.59035249
2023-09-15,14:00,34.04365882,33.78202323,34.22963504,20.80006347
2023-09-15,15:00,35.12307591,35.36369974,35.83226876,22.19581585
2023-09-15,16:00,31.8798356,38.86253748,39.37746611,19.6523431
2023-09-15,17:00,30.65015797,32.06993333,32.49485995,17.06414464
2023-09-15,18:00,28.4844369,49.86577238,50.52649386,18.45759138
2023-09-15,19:00,33.10718089,46.71359007,47.33254514,22.4498989
2023-09-15,20:00,30.69331968,54.31412645,55.03378862,21.55614497
2023-09-15,21:00,24.35800354,57.85719246,58.62380026,15.92944203
2023-09-15,22:00,24.01587806,56.20460796,56.94931902,15.25679965
2023-09-15,23:00,23.04714719,57.75642121,58.52169379,14.59843143
2023-09-16,0:00,23.44589102,59.99590842,60.79085421,15.44507271
2023-09-16,1:00,25.04004072,72.36303824,73.3218485,19.51264837
2023-09-16,2:00,23.08301098,62.79776825,63.62983868,15.64256463
2023-09-16,3:00,22.10407845,75.2119404,76.20849861,17.14646653
2023-09-16,4:00,24.17028574,63.64306252,64.4863331,16.89889824
2023-09-16,5:00,24.4866769,65.78546041,66.65711776,17.64376898
2023-09-16,6:00,23.87230701,77.51339633,78.54044883,19.37498627
2023-09-16,7:00,21.46928112,68.78886147,69.70031388,15.22705342
2023-09-16,8:00,24.61033699,74.32134393,75.30610174,19.47460578
2023-09-16,9:00,23.36445824,70.5781483,71.51330877,17.4800879
2023-09-16,10:00,34.22815222,35.54894313,36.01996663,21.33794084
2023-09-16,11:00,33.12733421,36.76269221,37.24979788,20.47987265
2023-09-16,12:00,35.3686522,30.89093948,31.30024443,21.5468401
2023-09-16,13:00,33.64175404,30.40085812,30.80366949,19.72192566
2023-09-16,14:00,35.23594753,38.01774959,38.52148478,22.83949745
2023-09-16,15:00,31.48183386,33.57868788,34.02360549,18.19757144
2023-09-16,16:00,35.82950236,35.9059926,36.381747,23.01070088
2023-09-16,17:00,33.31087573,33.58161529,34.0265717,20.02719879
2023-09-16,18:00,32.53410243,45.6646898,46.26974694,21.66704039
2023-09-16,19:00,32.54908783,44.78953512,45.38299646,21.50699486
2023-09-16,20:00,30.71769138,47.90753669,48.54231155,20.29919872
2023-09-16,21:00,25.35019538,57.86326176,58.62994998,16.92284773
2023-09-16,22:00,22.31764864,58.20818992,58.97944844,13.95928662
2023-09-16,23:00,25.9660772,58.95793133,59.73912392,17.75766346
2023-09-17,0:00,25.51822161,57.38126411,58.14156585,16.99447443
2023-09-17,1:00,23.4365886,77.57244748,78.60028241,18.95107809
2023-09-17,2:00,24.45668007,71.74920943,72.69988645,18.80652195
2023-09-17,3:00,21.6566641,61.84374951,62.66317919,14.02541401
2023-09-17,4:00,22.80734279,66.97467365,67.86208807,16.20227751
2023-09-17,5:00,23.08564065,78.32677242,79.36460216,18.75099513
2023-09-17,6:00,25.77942498,61.14105279,61.95117174,18.00763554
2023-09-17,7:00,22.11155268,66.12673189,67.00291109,15.33689905
2023-09-17,8:00,22.13627115,72.89891319,73.86482379,16.71605379
2023-09-17,9:00,24.72125392,75.29075606,76.28835858,19.77940513
2023-09-17,10:00,35.6716082,34.46694364,34.92363065,22.56499693
2023-09-17,11:00,31.44396105,32.38159462,32.81065075,17.92027997
2023-09-17,12:00,32.67160831,39.43735163,39.95989654,20.55907863
2023-09-17,13:00,30.03807484,31.59202816,32.01062253,16.35648047
2023-09-17,14:00,35.28279962,30.43622538,30.83950537,21.37004469
2023-09-17,15:00,34.25288028,39.12946892,39.64793438,22.07877406
2023-09-17,16:00,32.64727595,36.67708309,37.16305444,19.98269257
2023-09-17,17:00,31.9693545,33.06381148,33.50190698,18.5821168
2023-09-17,18:00,29.85769158,42.60132896,43.16579657,18.37795738
2023-09-17,19:00,32.19544557,52.53460444,53.23068795,22.70236646
2023-09-17,20:00,34.2178938,42.90283598,43.47129856,22.798461
2023-09-17,21:00,22.8822159,56.22535791,56.9703439,14.12728749
2023-09-17,22:00,22.03558872,55.58717608,56.32370617,13.15302393
2023-09-17,23:00,23.71905845,58.31358916,59.08624422,15.38177628
2023-09-18,0:00,24.04741881,55.58182144,56.31828058,15.1637831
2023-09-18,1:00,25.59044474,65.22099788,66.08517611,18.63464432
2023-09-18,2:00,23.86547657,67.56684881,68.46210956,17.37884633
2023-09-18,3:00,24.28069273,71.44869124,72.3953864,18.57043098
2023-09-18,4:00,23.32873673,60.60164069,61.40461243,15.44906487
2023-09-18,5:00,21.72318917,63.12650905,63.9629353,14.34849098
2023-09-18,6:00,23.61120385,70.93766865,71.87759276,17.79873758
2023-09-18,7:00,22.50333201,69.83941702,70.7647893,16.47121542
2023-09-18,8:00,22.27103236,69.90338631,70.82960618,16.25170962
2023-09-18,9:00,21.15092441,68.18202047,69.08543224,14.78732851
2023-09-18,10:00,34.60717568,36.76580604,37.25295297,21.96033688
2023-09-18,11:00,29.43013745,30.71379984,31.12075769,15.57289741
2023-09-18,12:00,34.34856785,38.75587731,39.26939269,22.09974331
2023-09-18,13:00,33.66623052,32.70838444,33.14177053,20.2079074
2023-09-18,14:00,29.11366263,36.17377791,36.65308046,16.34841821
2023-09-18,15:00,29.3601413,37.14036852,37.6324784,16.78821501
2023-09-18,16:00,32.69195358,37.27226683,37.76612437,20.14640695
2023-09-18,17:00,29.65140179,33.05043416,33.48835241,16.26148863
2023-09-18,18:00,34.69470003,43.87619287,44.45755242,23.46993861
2023-09-18,19:00,29.93032361,50.49232426,51.16134756,20.02878847
2023-09-18,20:00,32.87849142,50.33362737,51.00054793,22.94521689
2023-09-18,21:00,23.38062358,58.41366587,59.18764695,15.06335675
2023-09-18,22:00,25.18700864,55.1961746,55.92752392,16.22624356
2023-09-18,23:00,26.62346752,59.20951763,59.99404373,18.46537105
2023-09-19,0:00,22.23839914,57.4342875,58.19529181,13.72525664
2023-09-19,1:00,24.00722587,62.0054157,62.82698746,16.40830901
2023-09-19,2:00,22.65214982,72.11405698,73.06956824,17.07496122
2023-09-19,3:00,23.77848357,67.38431683,68.27715903,17.25534693
2023-09-19,4:00,23.44147837,66.46430416,67.34495619,16.7343392
2023-09-19,5:00,23.68633509,75.86456287,76.86976833,18.85924766
2023-09-19,6:00,23.19237082,74.03164876,75.01256811,17.99870057
2023-09-19,7:00,22.61184465,71.41927888,72.36558433,16.89570042
2023-09-19,8:00,21.76249084,70.3213029,71.25306016,15.82675142
2023-09-19,9:00,25.97642525,65.109511,65.97221202,18.99832745
2023-09-19,10:00,30.6948447,31.32855016,31.74365345,16.96055473
2023-09-19,11:00,32.3600349,34.58103876,35.03923752,19.27624265
2023-09-19,12:00,31.18060469,38.4901075,39.00010142,18.87862619
2023-09-19,13:00,35.93658928,33.04980103,33.4877109,22.54654949
2023-09-19,14:00,30.84096773,39.51595954,40.039546,18.74415964
2023-09-19,15:00,34.66885308,31.62677563,32.0458304,20.9942082
2023-09-19,16:00,34.55196314,37.23922695,37.7326467,21.99980853
2023-09-19,17:00,32.02610325,36.174828,36.65414447,19.26106885
2023-09-19,18:00,31.87159929,50.47587656,51.14468192,21.9667746
2023-09-19,19:00,32.01825906,49.12861546,49.77956962,21.84398215
2023-09-19,20:00,33.48946253,53.70261721,54.41417688,24.22998597
2023-09-19,21:00,23.26429428,58.90215428,59.68260783,15.04472514
2023-09-19,22:00,23.12470998,56.16448907,56.90866855,14.35760779
2023-09-19,23:00,24.0312435,57.33353604,58.0932054,15.49795071
2023-09-20,0:00,25.40165266,55.83024869,56.56999949,16.5677024
2023-09-20,1:00,23.34278116,67.76093522,68.65876761,16.8949682
2023-09-20,2:00,25.30652397,72.48137565,73.44175388,19.8027991
2023-09-20,3:00,25.70852212,66.78496364,67.6698644,19.06551485
2023-09-20,4:00,21.04643462,76.65012682,77.665741,16.37645998
2023-09-20,5:00,21.92356606,77.6043578,78.63261554,17.44443762
2023-09-20,6:00,21.60106012,66.2424592,67.12017178,14.84955196
2023-09-20,7:00,21.8488107,76.89411978,77.91296686,17.22763466
2023-09-20,8:00,22.58627448,62.97454094,63.8089536,15.18118267
2023-09-20,9:00,22.1782865,72.10473707,73.06012483,16.59923391
2023-09-20,10:00,32.22082672,34.42530367,34.88143894,19.10588745
2023-09-20,11:00,28.68537943,39.46302406,39.98590913,16.57798425
2023-09-20,12:00,32.64474896,39.93129534,40.460385,20.63100803
2023-09-20,13:00,31.70340204,33.02098752,33.45851561,18.30759955
2023-09-20,14:00,30.18054288,35.62803212,36.10010355,17.3061493
2023-09-20,15:00,31.34041759,35.84686895,36.32183997,18.50979138
2023-09-20,16:00,28.58536526,37.54402746,38.04148583,16.09417075
2023-09-20,17:00,33.01233498,31.17102284,31.58403889,19.24653955
2023-09-20,18:00,28.99270137,53.66216193,54.37318557,19.72513376
2023-09-20,19:00,30.64044457,50.57918352,51.2493577,20.75628128
2023-09-20,20:00,31.97684366,41.93531533,42.49095826,20.36390672
2023-09-20,21:00,22.23780796,59.6627007,60.45323149,14.1703481
2023-09-20,22:00,24.18300896,55.19365227,55.92496816,15.22173942
2023-09-20,23:00,26.08397853,56.65792932,57.40864688,17.41556439
2023-09-21,0:00,25.01801637,58.60581777,59.38234486,16.73917993
2023-09-21,1:00,24.04726031,67.18144009,68.07159418,17.48354832
2023-09-21,2:00,21.35408555,61.36603861,62.17913863,13.62729327
2023-09-21,3:00,25.91883089,71.52272257,72.47039864,20.22337541
2023-09-21,4:00,23.29295085,60.80069352,61.60630271,15.45308956
2023-09-21,5:00,24.26730471,76.98905894,78.00916397,19.66511649
2023-09-21,6:00,22.57105593,76.69201848,77.70818772,17.90945963
2023-09-21,7:00,22.25891135,69.08346442,69.99882032,16.07560423
2023-09-21,8:00,22.39793192,72.95483168,73.9214832,16.98889826
2023-09-21,9:00,22.97390571,67.98581052,68.88662251,16.57106781
2023-09-21,10:00,35.29093191,35.36823563,35.83686475,22.36457904
2023-09-21,11:00,34.05991081,39.5883354,40.11288084,21.97757789
2023-09-21,12:00,28.92026612,37.5687039,38.06648923,16.4340069
2023-09-21,13:00,30.97368302,39.86480686,40.39301555,18.94664439
2023-09-21,14:00,30.65142369,33.95406774,34.40395913,17.44223724
2023-09-21,15:00,34.71456501,37.73727576,38.23729466,22.26202016
2023-09-21,16:00,31.28147084,39.01376337,39.53069573,19.08422352
2023-09-21,17:00,32.29580323,38.94849931,39.46456692,20.08550309
2023-09-21,18:00,31.70806997,45.92370129,46.53219033,20.89281022
2023-09-21,19:00,28.28833158,41.72174928,42.27456246,16.63268144
2023-09-21,20:00,31.37577761,53.33938918,54.04613608,22.04365545
2023-09-21,21:00,26.52826857,57.92355017,58.69103721,18.1129786
2023-09-21,22:00,25.50028668,57.5914279,58.35451432,17.01857226
2023-09-21,23:00,23.95346044,58.19991101,58.97105983,15.59344264
2023-09-22,0:00,24.75306754,55.53638033,56.27223737,15.86034361
2023-09-22,1:00,24.91079059,78.53284577,79.57340598,20.61735974
2023-09-22,2:00,21.37059092,69.47109469,70.3915867,15.26480986
2023-09-22,3:00,23.12584998,66.56446817,67.44644738,16.43874361
2023-09-22,4:00,24.91025092,69.8037642,70.72866407,18.87100376
2023-09-22,5:00,25.92930747,78.04274401,79.07681036,21.53785627
2023-09-22,6:00,21.32164729,62.69903456,63.52979677,13.8614542
2023-09-22,7:00,25.47516431,72.24576842,73.20302485,19.92431799
2023-09-22,8:00,23.10020009,68.57477022,69.48338593,16.81515413
2023-09-22,9:00,23.73559748,61.20757644,62.01857683,15.97711276
2023-09-22,10:00,32.64866953,33.56568413,34.01042945,19.36180636
2023-09-22,11:00,33.34626149,31.33573458,31.75093307,19.6134084
2023-09-22,12:00,32.78172502,35.05283675,35.51728684,19.79229237
2023-09-22,13:00,29.72547259,34.73370767,35.19392929,16.67221412
2023-09-22,14:00,32.10498261,36.79689481,37.28445367,19.46436157
2023-09-22,15:00,33.2322573,30.94313411,31.35313064,19.42088412
2023-09-22,16:00,30.12131643,38.78895302,39.30290665,17.87910703
2023-09-22,17:00,33.7107511,32.4818362,32.91222053,20.20711834
2023-09-22,18:00,30.33293527,40.25617687,40.78957121,18.38417064
2023-09-22,19:00,32.19280877,47.38262823,48.01044805,21.66933441
2023-09-22,20:00,30.79853553,50.49962967,51.16874976,20.89846146
2023-09-22,21:00,25.58406979,59.54309574,60.33204175,17.49268893
2023-09-22,22:00,26.94579234,58.21797199,58.98936012,18.58938674
2023-09-22,23:00,23.95375327,55.73705034,56.47556626,15.10116333
2023-09-23,0:00,23.18923111,55.55723464,56.293368,14.30067804
2023-09-23,1:00,22.74293531,65.10984081,65.9725462,15.76490348
2023-09-23,2:00,23.09739576,61.64476684,62.46156,15.42634913
2023-09-23,3:00,22.75263413,61.95821915,62.77916555,15.14427796
2023-09-23,4:00,25.48560548,79.1973929,80.24675836,21.32508406
2023-09-23,5:00,25.82156309,79.42145536,80.47378965,21.70585416
2023-09-23,6:00,24.85717919,76.49622347,77.50979843,20.15642388
2023-09-23,7:00,21.76398522,77.58276568,78.61073732,17.28053836
2023-09-23,8:00,24.45356447,65.20938875,66.07341315,17.49544222
2023-09-23,9:00,22.54908177,60.44975521,61.25071447,14.63903281
2023-09-23,10:00,28.15418639,37.29459215,37.78874549,15.61310481
2023-09-23,11:00,34.91113348,36.75455836,37.24155626,22.26204515
2023-09-23,12:00,32.06775827,37.25111922,37.74469655,19.51798212
2023-09-23,13:00,31.21886772,37.05245822,37.54340329,18.62935937
2023-09-23,14:00,33.8850423,34.06953482,34.52095616,20.69894926
2023-09-23,15:00,33.62827693,34.80775807,35.26896087,20.58982854
2023-09-23,16:00,30.51461274,31.90673772,32.329502,16.89596028
2023-09-23,17:00,33.0241146,35.45420035,35.92396851,20.11495467
2023-09-23,18:00,32.20776363,50.93960658,51.61455637,22.39568495
2023-09-23,19:00,32.56553924,47.37360979,48.00131012,22.04026119
2023-09-23,20:00,28.97888386,50.26239918,50.92837597,19.0313637
2023-09-23,21:00,24.61215796,59.50472242,60.29316,16.51310244
2023-09-23,22:00,26.68333817,55.59176451,56.32835539,17.80169107
2023-09-23,23:00,22.68628099,58.24383543,59.01556625,14.33504808
2023-09-24,0:00,25.9790672,56.01558175,56.75778821,17.18218355
2023-09-24,1:00,21.68788022,66.06995451,66.94538141,14.90187112
2023-09-24,2:00,23.98358235,65.62741333,66.49697656,17.10906501
2023-09-24,3:00,21.55376757,68.96817066,69.88199892,15.3474017
2023-09-24,4:00,22.79420477,77.15006647,78.17230485,18.22421806
2023-09-24,5:00,25.88787525,78.49771517,79.5378099,21.58741828
2023-09-24,6:00,21.99052494,65.67669948,66.54691574,15.12586483
2023-09-24,7:00,21.51310602,77.95677308,78.98970032,17.10446063
2023-09-24,8:00,24.27389634,72.37679601,73.33578856,18.74925554
2023-09-24,9:00,22.06899022,64.38120601,65.23425699,14.94523142
2023-09-24,10:00,33.93383031,30.01823831,30.41597996,19.93747798
2023-09-24,11:00,35.67383594,35.65710612,36.12956278,22.80525716
2023-09-24,12:00,31.30214031,34.50610054,34.96330637,18.20336042
2023-09-24,13:00,31.12618667,37.39794362,37.89346638,18.6057754
2023-09-24,14:00,31.62148697,34.49218969,34.9492112,18.51992491
2023-09-24,15:00,28.05835147,38.59532841,39.10671651,15.77741716
2023-09-24,16:00,30.84672531,39.28400481,39.80451787,18.70352627
2023-09-24,17:00,29.65034623,37.30925227,37.80359986,17.11219668
2023-09-24,18:00,33.04398698,42.49486219,43.05791911,21.54295942
2023-09-24,19:00,31.12013198,47.92954316,48.56460961,20.70604061
2023-09-24,20:00,33.80668699,51.03956354,51.71583775,24.0145997
2023-09-24,21:00,25.99074375,57.09814526,57.85469569,17.4103728
2023-09-24,22:00,26.4671598,59.1554363,59.93924583,18.29824706
2023-09-24,23:00,25.30922065,57.80376659,58.56966649,16.86997397
2023-09-25,0:00,22.61518101,59.89482401,60.68843043,14.59414582
2023-09-25,1:00,23.66864548,71.2280507,72.17182238,17.91425562
2023-09-25,2:00,23.20866048,75.40118364,76.40024932,18.28889721
2023-09-25,3:00,24.41875206,68.08619019,68.98833221,18.0359901
2023-09-25,4:00,24.92519551,69.76003989,70.68436042,18.87720349
2023-09-25,5:00,25.29999826,61.05750248,61.86651439,17.51149876
2023-09-25,6:00,25.20211021,76.53035051,77.54437765,20.50818031
2023-09-25,7:00,23.29126121,69.47980553,70.40041296,17.18722232
2023-09-25,8:00,25.47901159,62.19504788,63.01913226,17.91802116
2023-09-25,9:00,24.90942864,74.99984868,75.99359667,19.90939837
2023-09-25,10:00,32.47571495,32.48490621,32.91533122,18.97269619
2023-09-25,11:00,28.20973812,35.50796729,35.97844786,15.31133158
2023-09-25,12:00,31.11776546,30.87798738,31.28712071,17.29336294
2023-09-25,13:00,31.49027571,33.62167009,34.06715722,18.21460973
2023-09-25,14:00,30.78351821,36.54663512,37.03087803,18.09284524
2023-09-25,15:00,30.27695141,38.15330289,38.65883415,17.90761198
2023-09-25,16:00,28.15785734,39.09362199,39.61161248,15.97658174
2023-09-25,17:00,32.8490664,32.35548188,32.78419202,19.32016278
2023-09-25,18:00,30.86412325,44.81151697,45.40526957,19.82642664
2023-09-25,19:00,28.82117358,40.5909005,41.12872993,16.93935368
2023-09-25,20:00,34.8326398,47.90344608,48.53816674,24.41332902
2023-09-25,21:00,22.57225794,55.85964732,56.59978765,13.74418741
2023-09-25,22:00,26.10038195,55.43231637,56.16679457,17.18684522
2023-09-25,23:00,25.19347391,59.09564192,59.87865917,17.01260229
2023-09-26,0:00,23.21511694,56.73105287,57.48273932,14.56132751
2023-09-26,1:00,23.42994423,76.69897991,77.71524139,18.76974021
2023-09-26,2:00,25.77286216,74.11194736,75.09393067,20.59525163
2023-09-26,3:00,25.41172883,66.43177426,67.31199527,18.69808368
2023-09-26,4:00,22.3977358,70.88536023,71.82459125,16.57480785
2023-09-26,5:00,22.38908171,75.02025016,76.01426848,17.39313174
2023-09-26,6:00,23.47557218,78.7026557,79.74546589,19.21610332
2023-09-26,7:00,23.34875968,72.07875426,73.03379775,17.76451053
2023-09-26,8:00,24.60114076,73.01288474,73.98030546,19.20371771
2023-09-26,9:00,21.85742428,61.26182537,62.07354455,14.10978935
2023-09-26,10:00,31.30744372,38.21408392,38.72042053,18.9502605
2023-09-26,11:00,32.1606186,37.78452328,38.28516821,19.71752325
2023-09-26,12:00,30.79951299,30.25046281,30.65128145,16.84960556
2023-09-26,13:00,31.60922246,37.53643366,38.03379141,19.11650919
2023-09-26,14:00,35.95663263,31.93845035,32.36163481,22.3443227
2023-09-26,15:00,28.49775859,30.48398891,30.88790177,14.59455637
2023-09-26,16:00,28.78081364,31.01509557,31.42604559,14.98383275
2023-09-26,17:00,33.63147354,32.80162047,33.23624194,20.19179763
2023-09-26,18:00,31.08478271,49.36722407,50.02133979,20.95822752
2023-09-26,19:00,29.05124299,40.95676576,41.4994429,17.24259614
2023-09-26,20:00,33.69926247,43.38787835,43.96276774,22.37683814
2023-09-26,21:00,26.2985112,55.10761659,55.83779251,17.32003452
2023-09-26,22:00,24.72219557,56.83047943,57.58348329,16.08829145
2023-09-26,23:00,26.68737557,56.24534733,56.99059818,17.93644504
2023-09-27,0:00,23.07743008,56.30477135,57.05080957,14.33838435
2023-09-27,1:00,21.54994469,79.07116535,80.11885829,17.36417776
2023-09-27,2:00,23.90947048,62.02486729,62.84669678,16.31444394
2023-09-27,3:00,22.54097374,69.1657098,70.08215545,16.3741157
2023-09-27,4:00,25.14027564,76.47798327,77.49131655,20.43587229
2023-09-27,5:00,21.16675258,75.06616884,76.06079557,16.17998634
2023-09-27,6:00,21.93203902,71.8978303,72.85047655,16.31160508
2023-09-27,7:00,23.98720901,70.36117398,71.29345953,18.05944381
2023-09-27,8:00,22.03418991,79.48604454,80.53923463,17.93139882
2023-09-27,9:00,22.92921443,72.25891062,73.21634119,17.38099655
2023-09-27,10:00,32.33491367,33.41025938,33.85294532,19.01696555
2023-09-27,11:00,33.86475569,39.16664789,39.68560598,21.69808527
2023-09-27,12:00,29.45447209,33.27293604,33.71380245,16.10905929
2023-09-27,13:00,34.86259145,33.53662817,33.98098849,21.56991708
2023-09-27,14:00,35.08168657,38.14532147,38.65074698,22.71075086
2023-09-27,15:00,30.97795279,35.38217596,35.8509898,18.05438798
2023-09-27,16:00,33.39984586,38.05221899,38.55641089,21.01028966
2023-09-27,17:00,32.49575203,30.00087422,30.39838581,18.49592688
2023-09-27,18:00,31.4342301,44.88735283,45.48211026,20.41170067
2023-09-27,19:00,29.4702937,52.05345427,52.74316254,19.88098455
2023-09-27,20:00,29.13214882,46.18693484,46.79891172,18.36953579
2023-09-27,21:00,23.98335696,57.52919206,58.29145385,15.48919537
2023-09-27,22:00,25.007674,58.84859972,59.62834366,16.77739395
2023-09-27,23:00,24.63566016,57.00627865,57.76161184,16.03691589
2023-09-28,0:00,22.00276045,56.58692577,57.33670254,13.3201456
2023-09-28,1:00,23.23242016,60.54836908,61.35063497,15.34209398
2023-09-28,2:00,25.51396884,69.66854531,70.59165353,19.4476779
2023-09-28,3:00,23.23741759,78.841251,79.88589757,19.00566779
2023-09-28,4:00,25.91556015,61.96029869,62.78127265,18.30761989
2023-09-28,5:00,22.17279655,65.11837009,65.98118849,15.19647057
2023-09-28,6:00,24.55718724,68.54318523,69.45138243,18.26582429
2023-09-28,7:00,24.31715699,66.34044955,67.21946051,17.5852469
2023-09-28,8:00,21.92369826,66.06161042,66.93692676,15.13602035
2023-09-28,9:00,21.14309723,62.24473943,63.06948222,13.59204511
2023-09-28,10:00,29.64416271,31.90927437,32.33207226,16.02601759
2023-09-28,11:00,34.66833864,30.72146251,31.12852189,20.81263114
2023-09-28,12:00,32.1475578,31.33452685,31.74970933,18.41446316
2023-09-28,13:00,31.82690948,39.82834477,40.35607033,19.79257844
2023-09-28,14:00,32.89650225,37.20643818,37.69942349,20.33778989
2023-09-28,15:00,28.46762931,31.54920631,31.96723329,14.77747057
2023-09-28,16:00,30.46403291,32.5170861,32.94793749,16.96745013
2023-09-28,17:00,34.29216089,35.65862564,36.13110243,21.42388601
2023-09-28,18:00,30.85674555,44.59365394,45.18451985,19.77547634
2023-09-28,19:00,34.07113679,46.45499135,47.07051999,23.36213506
2023-09-28,20:00,29.54774933,43.32989307,43.90401415,18.21372794
2023-09-28,21:00,22.32071091,55.14910344,55.87982906,13.3505316
2023-09-28,22:00,23.68075064,58.93803979,59.71896882,15.4683586
2023-09-28,23:00,25.07946322,58.69121143,59.46886998,16.8177055
2023-09-29,0:00,23.87606692,57.28014861,58.03911058,15.33209664
2023-09-29,1:00,25.88043549,76.65459003,77.67026335,21.21135349
2023-09-29,2:00,24.59145578,60.35445342,61.15414993,16.66234646
2023-09-29,3:00,25.76155754,60.06263685,60.85846678,17.77408491
2023-09-29,4:00,25.21408306,78.35615079,79.39436979,20.88531321
2023-09-29,5:00,23.5454795,62.53609007,63.36469327,16.05269751
2023-09-29,6:00,22.12542113,73.90775826,74.88703605,16.90697278
2023-09-29,7:00,24.77007771,76.37429722,77.38625665,20.04493715
2023-09-29,8:00,23.69120402,61.33814756,62.15087802,15.95883353
2023-09-29,9:00,25.78426926,69.39332846,70.31279006,19.66293495
2023-09-29,10:00,29.02990104,32.70942659,33.14282649,15.57178635
2023-09-29,11:00,35.84546483,31.23133381,31.64514898,22.09173159
2023-09-29,12:00,31.84672267,31.33938622,31.75463308,18.11459991
2023-09-29,13:00,29.86386692,39.62562305,40.15066256,17.78899153
2023-09-29,14:00,32.50280787,34.55337672,35.01120896,19.41348321
2023-09-29,15:00,33.96660905,35.80580635,36.28023329,21.12777032
2023-09-29,16:00,29.63746906,38.19002779,38.69604566,17.27547462
2023-09-29,17:00,32.61317176,33.58350671,34.02848818,19.3298731
2023-09-29,18:00,30.244066,48.82263241,49.46953229,20.00859248
2023-09-29,19:00,32.44343278,44.73867564,45.3314631,21.39116791
2023-09-29,20:00,28.62322576,51.06221722,51.7387916,18.83566921
2023-09-29,21:00,22.74278009,56.06157699,56.80439289,13.95509549
2023-09-29,22:00,22.05870749,58.26189359,59.03386368,13.71108621
2023-09-29,23:00,24.58686722,56.06061102,56.80341412,15.79898943
2023-09-30,0:00,23.85454839,56.26828799,57.0138428,15.10820599
2023-09-30,1:00,23.68865801,68.30998261,69.21508988,17.35065453
2023-09-30,2:00,22.69767555,79.45020067,80.50291582,18.58771568
2023-09-30,3:00,23.26858759,75.52795583,76.52870125,18.37417876
2023-09-30,4:00,22.64567461,73.41795659,74.39074451,17.32926593
2023-09-30,5:00,23.46821768,64.43382767,65.28757588,16.35498321
2023-09-30,6:00,22.28612371,74.89737883,75.8897691,17.26559948
2023-09-30,7:00,24.44835744,73.6658144,74.64188644,19.18152032
2023-09-30,8:00,25.59942665,71.28888668,72.23346443,19.85720398
2023-09-30,9:00,25.53724744,76.55102639,77.56532749,20.84745272
2023-09-30,10:00,34.13346306,37.00915921,37.49953057,21.5352949
2023-09-30,11:00,29.66152745,38.14562744,38.65105701,17.29065294
2023-09-30,12:00,30.97857539,33.30432237,33.74560464,17.63943986
2023-09-30,13:00,31.74110288,31.68349835,32.10330471,18.07780255
2023-09-30,14:00,32.33970256,33.84228195,34.29069219,19.10815895
2023-09-30,15:00,33.15339534,36.58264968,37.06736979,20.46992528
2023-09-30,16:00,35.46108166,37.01479356,37.50523958,22.86404037
2023-09-30,17:00,32.66676041,39.86558456,40.39380355,20.63987732
2023-09-30,18:00,33.24206487,52.1900135,52.88153118,23.68006757
2023-09-30,19:00,28.7121874,50.89971539,51.57413661,18.89213047
2023-09-30,20:00,32.71767765,41.87800924,42.43289286,21.0932795
2023-09-30,21:00,24.60336636,57.72649246,58.49136849,16.14866486
2023-09-30,22:00,22.96975489,59.83249108,60.62527159,14.93625311
2023-09-30,23:00,22.41660433,59.49758298,60.28592595,14.31612093
2023-10-01,0:00,22.45894405,57.66547868,58.42954627,13.99203979
2023-10-01,1:00,24.62237366,69.5837987,70.50578404,18.5391334
2023-10-01,2:00,23.95250691,63.63254256,64.47567375,16.67901542
2023-10-01,3:00,22.69963273,78.25322372,79.29007893,18.35027747
2023-10-01,4:00,23.7821967,71.73370063,72.68417217,18.12893683
2023-10-01,5:00,23.41013629,73.60171045,74.57693312,18.13047838
2023-10-01,6:00,24.45528953,60.0254274,60.82076431,16.46037501
2023-10-01,7:00,25.70659233,68.38385683,69.28994293,19.3833637
2023-10-01,8:00,22.80880506,77.94817707,78.98099041,18.39844048
2023-10-01,9:00,25.76662164,62.93183645,63.76568328,18.35298893
2023-10-01,10:00,29.28537147,32.44576855,32.87567498,15.77452518
2023-10-01,11:00,33.23403522,31.98094039,32.40468785,19.6302233
2023-10-01,12:00,34.25188224,31.77726628,32.19831506,20.6073355
2023-10-01,13:00,30.83313907,30.25324699,30.65410251,16.88378847
2023-10-01,14:00,33.68117128,38.93431455,39.45019422,21.46803419
2023-10-01,15:00,30.27146338,33.08177279,33.52010628,16.88781794
2023-10-01,16:00,33.04967315,33.70153445,34.14807978,19.78998004
2023-10-01,17:00,35.08929238,37.34839609,37.84326233,22.5589716
2023-10-01,18:00,33.99103465,40.97487264,41.51778971,22.18600918
2023-10-01,19:00,33.92297132,46.26432137,46.87732363,23.17583559
2023-10-01,20:00,34.65520922,49.2122127,49.86427452,24.49765176
2023-10-01,21:00,24.03283385,59.12049336,59.9038399,15.85693253
2023-10-01,22:00,22.9100322,55.0702423,55.79992302,13.92408066
2023-10-01,23:00,26.53118869,59.63884872,60.42906346,18.45895844
2023-10-02,0:00,26.95593262,56.74554911,57.49742763,18.30504244
2023-10-02,1:00,21.54214859,76.37672243,77.388714,16.81749308
2023-10-02,2:00,23.20109658,63.51488122,64.3564534,15.90407282
2023-10-02,3:00,22.64489643,64.01344957,64.86162777,15.44758634
2023-10-02,4:00,25.82252773,79.56408413,80.61830824,21.73534455
2023-10-02,5:00,24.72810053,70.49991288,71.43403673,18.82808311
2023-10-02,6:00,25.05321894,61.78188022,62.60049013,17.40959498
2023-10-02,7:00,24.98539784,69.89770526,70.82384985,18.96493889
2023-10-02,8:00,21.18719925,79.61831558,80.67325826,17.11086237
2023-10-02,9:00,24.66272272,71.62850251,72.57758017,18.98842322
2023-10-02,10:00,34.67773276,30.33058279,30.73246301,20.74384931
2023-10-02,11:00,33.89935454,30.71159432,31.11852295,20.0416734
2023-10-02,12:00,29.4287862,30.85314194,31.26194607,15.59941459
2023-10-02,13:00,32.50802643,33.91393398,34.36329361,19.29081322
2023-10-02,14:00,30.74130804,36.03351518,36.51095925,17.94801108
2023-10-02,15:00,28.26411142,33.78008065,34.22766672,15.02012755
2023-10-02,16:00,32.00719955,32.82937907,33.26436834,18.57307536
2023-10-02,17:00,32.15122768,34.74621148,35.20659879,19.10046997
2023-10-02,18:00,29.61008905,51.0907139,51.76766586,19.82823183
2023-10-02,19:00,28.17795316,43.41177338,43.98697938,16.86030784
2023-10-02,20:00,33.01112982,43.93136437,44.51345495,21.79740269
2023-10-02,21:00,26.67016357,56.72917309,57.48083463,18.01599818
2023-10-02,22:00,24.59455856,56.81160338,57.56435713,15.95687924
2023-10-02,23:00,23.6931877,57.71233859,58.47702707,15.23565542
2023-10-03,0:00,26.39694515,58.8197083,59.59906944,18.16088681
2023-10-03,1:00,24.46069876,71.35548925,72.30094949,18.73179662
2023-10-03,2:00,25.80556204,67.87184381,68.77114574,19.3799308
2023-10-03,3:00,21.71313507,75.73256433,76.73602081,16.85964794
2023-10-03,4:00,25.28922417,67.53614878,68.43100275,18.79645393
2023-10-03,5:00,23.23175406,79.32414519,80.37519012,19.0965831
2023-10-03,6:00,23.19781529,65.24174575,66.10619888,16.24616444
2023-10-03,7:00,21.87875963,62.9710977,63.80546475,14.47297917
2023-10-03,8:00,25.93181177,68.83629252,69.7483734,19.69907027
2023-10-03,9:00,23.69187842,72.3922462,73.35144346,18.17032766
2023-10-03,10:00,34.08448873,30.11405396,30.51306518,20.10729952
2023-10-03,11:00,35.00105447,34.1437198,34.59612408,21.82979843
2023-10-03,12:00,35.60323224,33.60286797,34.04810597,22.32380583
2023-10-03,13:00,29.87577512,38.98511107,39.50166379,17.67279733
2023-10-03,14:00,33.86985515,35.03411432,35.49831633,20.87667801
2023-10-03,15:00,30.78083625,39.21147572,39.73102778,18.62313139
2023-10-03,16:00,35.63581031,37.24077963,37.73421996,23.08396624
2023-10-03,17:00,32.44112168,33.079971,33.51828062,19.05711588
2023-10-03,18:00,34.52825151,45.51053214,46.11354669,23.63035794
2023-10-03,19:00,30.41658067,47.15158115,47.7763396,19.8468969
2023-10-03,20:00,28.99017124,46.87498205,47.49607557,18.36516765
2023-10-03,21:00,26.02701582,55.9718163,56.71344286,17.22137908
2023-10-03,22:00,23.89526264,56.41254131,57.16000748,15.1777709
2023-10-03,23:00,23.52948119,57.79632561,58.56212693,15.08874632
2023-10-04,0:00,23.73693204,58.77074874,59.54946116,15.49108179
2023-10-04,1:00,24.65576567,70.49765451,71.43174843,18.75529657
2023-10-04,2:00,21.51456469,74.92098086,75.91368386,16.49876087
2023-10-04,3:00,25.08500936,77.93085064,78.96343441,20.67117948
2023-10-04,4:00,23.64562349,68.26892923,69.17349254,17.29940933
2023-10-04,5:00,24.95838962,65.71777742,66.58853797,18.1019451
2023-10-04,6:00,23.30062509,61.87400576,62.69383634,15.67542624
2023-10-04,7:00,21.04563792,70.8739441,71.81302386,15.22042674
2023-10-04,8:00,24.4920033,73.70975561,74.68640987,19.23395442
2023-10-04,9:00,22.693419,71.95755249,72.91099006,17.08492949
2023-10-04,10:00,30.38632349,33.30932821,33.75067681,17.04818914
2023-10-04,11:00,33.58128426,38.88168405,39.39686637,21.35762107
2023-10-04,12:00,34.96276674,39.87197138,40.400275,22.93716102
2023-10-04,13:00,32.89741249,33.22789773,33.66816737,19.54299204
2023-10-04,14:00,32.84616376,34.31628637,34.77097716,19.70942103
2023-10-04,15:00,28.44278007,32.18952813,32.61603937,14.88068569
2023-10-04,16:00,34.82127619,33.03241171,33.47009117,21.42775853
2023-10-04,17:00,34.03807789,32.14348683,32.56938803,20.46677526
2023-10-04,18:00,34.72956029,53.63677807,54.34746538,25.45691591
2023-10-04,19:00,34.64181866,49.49457113,50.1503742,24.54073289
2023-10-04,20:00,32.62523866,40.71754793,41.25705544,20.76874824
2023-10-04,21:00,25.74150353,57.44841997,58.20961153,17.23118753
2023-10-04,22:00,24.48245785,59.45632256,60.24411883,16.37372236
2023-10-04,23:00,25.41497721,56.84517261,57.59837115,16.78401173
2023-10-05,0:00,23.29065259,55.8924959,56.63307147,14.46915177
2023-10-05,1:00,24.08770401,68.77067309,69.68188451,17.84183863
2023-10-05,2:00,25.42200525,64.85985409,65.71924716,18.39397607
2023-10-05,3:00,24.1787095,61.90069659,62.72088082,16.55884882
2023-10-05,4:00,22.5163924,73.07419805,74.04243117,17.13123201
2023-10-05,5:00,21.0482618,78.33927972,79.37727517,16.71611774
2023-10-05,6:00,24.76254074,61.00462875,61.81294008,16.96346649
2023-10-05,7:00,25.04216404,72.97458831,73.94150161,19.6370817
2023-10-05,8:00,25.10156773,60.66344844,61.46723914,17.23425742
2023-10-05,9:00,21.0876127,74.99360429,75.98726955,16.08633356
2023-10-05,10:00,35.53045111,34.52333103,34.98076517,22.43511732
2023-10-05,11:00,35.80668741,32.01769174,32.44192615,22.21022576
2023-10-05,12:00,29.6253465,39.51798274,40.04159601,17.52894305
2023-10-05,13:00,33.73134767,35.65322566,36.1256309,20.86199281
2023-10-05,14:00,29.80138231,35.20963697,35.67616466,16.8433097
2023-10-05,15:00,29.19627765,31.73744096,32.15796205,15.54376584
2023-10-05,16:00,28.36478954,32.62787872,33.06019812,14.89036529
2023-10-05,17:00,33.47808901,35.86525636,36.34047101,20.65114028
2023-10-05,18:00,30.48703917,51.3578042,52.0382951,20.75860001
2023-10-05,19:00,32.99429534,53.31629702,54.02273796,23.65755474
2023-10-05,20:00,32.79218338,52.47666922,53.17198508,23.28751722
2023-10-05,21:00,25.62971699,58.1866831,58.95765665,17.26705361
2023-10-05,22:00,24.62011348,58.18311443,58.9540407,16.25673637
2023-10-05,23:00,25.25145676,57.74595403,58.51108792,16.80064757
2023-10-06,0:00,23.09935506,57.51168449,58.27371431,14.60169196
